Gene,Name,Enzyme,Bp,F/C,PA,DBP,DEHP,ATBC
JANJIKNC_4429,4429,,764,C,0.357018317,4.469148552,1.017317495,0.227264881
JANJIKNC_4430,4430,,1148,C,1.413344667,36.51953946,1.635581141,1.053828426
JANJIKNC_4431,4431,,791,F,1.534980151,16.13084377,1.728155854,0.990725071
JANJIKNC_4432,4432,,809,F,0.728154584,27.40840874,0.697726403,0.563988115
JANJIKNC_4433,4433,,1163,F,1.708902396,18.56083874,1.487087976,1.887552362
JANJIKNC_4434,4434,,1016,F,1.99822633,5.335277583,1.964528821,1.182390568