Gene,Name,Enzyme,Bp,F/C,Phthalic acid,DBP,DEHP,ATBC
BDBJPGFE_04867,4867,,1703,C,8.927378949,3.524829155,3.021873636,3.232319928
BDBJPGFE_04868,4868,,905,C,2.138639527,0.375055672,0.308416816,0.650956631
BDBJPGFE_04869,4869,,2081,C,7.716054499,1.965959134,1.980333396,1.853651459
BDBJPGFE_04870,4870,,824,C,3.000909892,0.921170426,0.858966239,0.865992639
BDBJPGFE_04871,4871,,1607,C,5.694674309,1.924592929,2.112415062,1.955056092
BDBJPGFE_04872,4872,,1169,C,5.588560286,2.001867748,1.808921748,1.540270069