Gene,Name,Enzyme,Bp,F/C,Phthalic acid,DBP,DEHP,ATBC
BDBJPGFE_01455,1455,3-methylmercaptopropionyl-CoA dehydrogenase,1787,F,0.314674025,0.911290753,0.653846249,0.740572731
BDBJPGFE_01456,1456,Long-chain-fatty-acid--CoA ligase,1628,F,1.369143187,1.495091037,1.646535176,1.611882596
BDBJPGFE_01457,1457,3-hydroxybutyryl-CoA dehydrogenase,848,F,0.644362005,1.017606647,1.011175444,1.098572437
BDBJPGFE_01458,1458,Short-chain-enoyl-CoA hydratase,773,F,1.776190924,1.278058021,1.099288454,1.115478984