Gene,Name,Enzyme,Bp,F/C,Phthalic acid,DBP,DEHP,ATBC
JANJIKNC_5607,5607,,569,C,0,0,0,0
JANJIKNC_5608,5608,,758,C,0.345841603,0.152735783,8.162795607,0.298832024
JANJIKNC_5609,5609,,1160,C,0,0,0,0
JANJIKNC_5610,5610,,788,C,2.819455683,0.768125172,16.00499144,1.090275953
JANJIKNC_5611,5611,,1667,C,1.528938101,0.903873845,9.068160965,1.249995874
JANJIKNC_5612,5612,,1175,C,0,0,0,0
JANJIKNC_5613,5613,,869,C,1.223171474,0.376260392,18.53024434,0.676916599